{
  "test/testsuite.qunit.js": 1747857494058,
  "Component.js": 1747857494038,
  "test/integration/pages/RisksList.js": 1747857494066,
  "test/integration/opaTests.qunit.js": 1747857494062,
  "test/integration/FirstJourney.js": 1747857494070,
  "i18n/i18n.properties": 1747857513974,
  "xs-app.json": 1747938697097,
  "manifest.json": 1747938697101,
  "test/integration/pages/RisksObjectPage.js": 1747857494066,
  "Component-dbg.js": 1747857494038,
  "Component.js.map": 1747938703251,
  "test/integration/pages/RisksList-dbg.js": 1747857494066,
  "test/integration/pages/RisksList.js.map": 1747938703253,
  "test/integration/opaTests.qunit-dbg.js": 1747857494062,
  "test/integration/opaTests.qunit.js.map": 1747938703257,
  "test/integration/FirstJourney-dbg.js": 1747857494070,
  "test/integration/FirstJourney.js.map": 1747938703257,
  "test/testsuite.qunit-dbg.js": 1747857494058,
  "test/testsuite.qunit.js.map": 1747938703254,
  "test/integration/pages/RisksObjectPage-dbg.js": 1747857494066,
  "test/integration/pages/RisksObjectPage.js.map": 1747938703255,
  "Component-preload.js": 1747938703423,
  "Component-preload.js.map": 1747938703423,
  "test/integration/opaTests.qunit.html": 1747857494062,
  "test/testsuite.qunit.html": 1747857494054,
  "test/flpSandbox.html": 1747857494054,
  "index.html": 1747857494038
}